word,count
i,1043
you,687
my,603
numer,590
check,581
video,398
song,339
url,323
subscrib,318
pleas,287
like,278
youtub,261
me,253
not,244
love,234
love_emoji,222
channel,208
so,200
just,175
music,160
can,148
will,147
hello,145
thank,144
guy,139
make,139
get,138
your,134
view,133
new,122
comment,109
all,97
money,92
go,91
peopl,90
object_emoji,88
watch,86
laugh,85
want,82
kati,82
best,80
good,79
know,77
happy_emoji,74
would,71
year,70
one,68
see,68
time,66
much,65
more,64
help,62
realli,61
onli,59
work,59
old,58
eminem,58
come,57
billion,57
start,56
could,56
world,56
thumb,56
us,55
no,54
perri,54
everyon,53
share,53
call,53
cover,52
visit,52
give,51
mixtap,50
take,48
shakira,48
awesom,47
read,46
look,46
now,44
free,44
some,44
way,44
month,44
should,43
it,43
still,43
nice,43
dream,43
food_emoji,43
today,42
websit,41
rapper,41
facebook,40
back,40
chanc,40
ani,39
follow,39
god,39
fuck,39
ever,38
home,38
playlist,38
appreci,37
million,36
listen,36
rap,35
girl,35
onlin,35
first,34
day,34
veri,34
also,33
got,33
think,33
most,33
beauti,33
sing,33
cool,33
rihanna,33
great,32
pray,32
life,31
do,29
parti,29
waka,29
need,28
danc,28
hear,28
per,28
soon,27
tri,27
lot,27
click,27
live,27
lyric,26
real,26
mean,26
shit,26
extraordinari,26
even,25
made,25
oh,25
wow,25
mother,25
rock,25
fan,25
right,24
name,24
spam,24
remix,23
support,23
too,23
hate,22
thing,22
mani,22
everyday,22
sorri,22
shuffl,22
funni,21
second,21
hit,21
page,21
everi,21
style,21
friend,21
eye,21
boy,21
hope,20
anyon,20
advertis,20
heard,20
say,19
psi,19
never,19
post,19
believ,19
gangnam,18
amaz,18
man,18
twitter,18
let,18
part,18
vote,18
better,18
activity_emoji,18
type,17
paid,17
hot,17
favorit,17
lie,17
leav,16
site,16
tell,16
stop,16
anim,16
hard,16
link,16
tiger,16
noth,16
enjoy,15
game,15
reach,15
true,15
few,15
probabl,15
success,15
positive_emoji,15
fox,15
feel,14
card,14
keep,14
miss,14
person,14
simpl,14
ago,14
found,14
rememb,14
regret,14
woman,14
mayb,14
megan,14
big,13
improv,13
win,13
play,13
understand,13
crazi,13
young,13
download,13
join,13
littl,13
fight,13
queen,13
dope,13
moment,13
rand,13
sexi,12
next,12
top,12
sound,12
suck,12
bad,12
googl,12
put,12
sad_emoji,12
earth,12
almost,12
someon,12
record,12
voic,12
artist,12
other,12
came,11
earn,11
buy,11
hour,11
popular,11
actual,11
use,11
gift,11
upload,11
well,11
search,11
mind,11
minut,11
pass,11
attent,11
birthday,11
track,11
beat,11
kid,10
perfect,10
app,10
reason,10
find,10
happi,10
stupid,10
kind,10
sub,10
job,10
pour,10
footbal,10
goal,10
alway,10
alreadi,10
lost,10
musician,10
vincent,10
origin,10
africa,10
yeah,9
memori,9
wil,9
dislik,9
promis,9
pop,9
band,9
pictur,9
holi,9
again,9
social,9
complet,9
sad,9
end,9
miley,9
away,9
offici,9
done,9
someth,9
latest,9
write,9
without,9
becom,9
happen,9
bless,9
al,9
peac,9
press,9
charli,9
phenomenallyricsher,9
forward,9
skill,9
incom,9
shake,8
far,8
bring,8
last,8
must,8
talent,8
babi,8
around,8
half,8
decent,8
sign,8
instagram,8
super,8
whole,8
left,8
head,8
word,8
may,8
bit,8
high,8
school,8
cute,8
pretti,8
messag,8
cyrus,8
cup,8
els,8
fast,8
media,8
com,8
step,8
lake,8
yourself,8
white,7
stuff,7
experi,7
produc,7
korean,7
sure,7
minecraft,7
welcom,7
absolut,7
myself,7
itun,7
learn,7
least,7
face,7
damn,7
wast,7
book,7
easili,7
drop,7
donat,7
hair,7
daili,7
near,7
hous,7
opinion,7
secret,7
famous,7
paul,7
senat,7
constitut,7
might,7
industri,7
button,7
soccer,7
piano,7
price,7
shirt,6
ass,6
inspir,6
news,6
took,6
feedback,6
construct,6
강남스타일,6
code,6
weird,6
mix,6
bieber,6
everyth,6
epic,6
singl,6
special,6
differ,6
account,6
dick,6
saw,6
annoy,6
human,6
water,6
act,6
dress,6
imagin,6
forget,6
entertain,6
small,6
dollar,6
okay,6
american,6
jungl,6
black,6
ask,6
begin,6
passion,6
honest,6
hire,6
past,6
insan,6
wish,6
perform,6
vine,6
dant,6
rile,6
rang,6
adam,6
current,6
comfort,6
turn,5
famili,5
show,5
wonder,5
anymor,5
clip,5
project,5
count,5
yet,5
quit,5
spread,5
critic,5
number,5
brother,5
countri,5
said,5
speak,5
easi,5
justin,5
thousand,5
add,5
place,5
pay,5
plus,5
regist,5
there,5
enter,5
care,5
songwrit,5
mine,5
hack,5
fun,5
review,5
movi,5
fashion,5
sinc,5
talk,5
hav,5
close,5
abus,5
that,5
hug,5
african,5
surviv,5
makeup,5
version,5
serious,5
stand,5
fear,5
case,5
dude,5
katti,5
champion,5
space,5
piss,5
trust,5
open,5
idiot,5
celebr,5
vers,5
everybodi,5
femal,5
canal,5
robot,5
nation,5
music_emoji,5
kill,5
prove,5
agre,5
person_emoji,5
swag,5
fame,5
album,5
mes,5
mess,5
upto,5
wide,5
prior,5
immedi,5
christ,5
die,4
aliv,4
compani,4
dedic,4
cloth,4
king,4
hip,4
iphon,4
histori,4
sit,4
audit,4
viewer,4
activ,4
amazon,4
deserv,4
english,4
ebay,4
gay,4
fire,4
remind,4
meet,4
christma,4
network,4
fantast,4
min,4
joke,4
piec,4
bass,4
chang,4
dumb,4
is,4
internet,4
featur,4
seen,4
enough,4
two,4
planet,4
tomorrow,4
self,4
alon,4
shoot,4
exposur,4
amount,4
photo,4
thought,4
generat,4
caus,4
kiss,4
matter,4
death,4
son,4
smile,4
hell,4
katycat,4
incred,4
surgeri,4
team,4
cri,4
tonight,4
yesterday,4
guitar,4
choic,4
guess,4
possibl,4
hand,4
exact,4
taylor,4
sister,4
bore,4
power,4
final,4
skip,4
town,4
anthem,4
bennett,4
tent,4
inform,4
ladi,4
survey,4
definit,4
togeth,4
gorgeous,4
protect,4
sneakiestg,4
tube,4
player,4
invest,4
coffe,4
favour,4
told,4
potenti,4
master,4
columbus,4
spare,4
bonus,4
vanston,4
jesus,4
sin,4
appl,4
instrument,4
huh,3
monkey,3
onc,3
stay,3
expect,3
edm,3
newest,3
dubstep,3
hater,3
anoth,3
hop,3
model,3
group,3
angel,3
singer,3
long,3
uniqu,3
anybodi,3
lexi,3
grow,3
korea,3
spend,3
juno,3
wallet,3
wake,3
does,3
promot,3
oppa,3
readi,3
smirking_fac,3
angry_emoji,3
truth,3
disappoint,3
c'mon,3
sell,3
popul,3
later,3
stuck,3
smart,3
tumor,3
camera,3
wrong,3
child,3
random,3
bitch,3
deal,3
includ,3
concert,3
michael,3
jackson,3
content,3
rapid,3
mee,3
dad,3
move,3
brand,3
nail,3
fli,3
idea,3
languag,3
illuminati,3
drunk,3
limit,3
train,3
huge,3
cannot,3
lead,3
extra,3
sleep,3
spirit,3
eleph,3
notic,3
bout,3
crash,3
transform,3
melodi,3
gracia,3
finish,3
star,3
advanc,3
congratul,3
anyth,3
itt,3
repli,3
catchi,3
jim,3
idol,3
ema,3
inch,3
order,3
ball,3
push,3
sens,3
copi,3
toilet,3
glad,3
worri,3
eat,3
meh,3
seem,3
titl,3
collect,3
night,3
racist,3
fill,3
releas,3
realiz,3
swift,3
drum,3
age,3
cheer,3
wave,3
wood,3
qualiti,3
simpli,3
born,3
lauren,3
box,3
privaci,3
busi,3
spent,3
dot,3
email,3
morn,3
blow,3
swear,3
war,3
pro,3
crimin,3
favor,3
nature_emoji,3
abomin,3
hood,3
british,3
week,3
base,3
hilari,3
smoke,3
cheat,3
feed,3
gave,3
password,3
gain,3
sick,3
chillpal,3
respons,3
ociramma,3
ignor,3
speech,3
shame,3
innoc,3
tax,3
loss,3
deazy99,3
forev,3
truli,3
store,3
bar,3
closer,3
notori,3
niko,3
belgium,3
equip,3
cypher,3
student,3
dragon,3
freedom,3
evil,3
replay,3
fifa,3
wager,3
bookmak,3
mate,3
savior,3
virgin,3
paranorm,3
mississippi,3
whitney,3
adf,3
kld3i,3
movement,3
anyway,2
mute,2
within,2
entir,2
abl,2
design,2
giveaway,2
android,2
martin,2
effect,2
roblox,2
raw,2
straight,2
drug,2
behold,2
fablif,2
challeng,2
drone,2
what,2
four,2
member,2
leah,2
manag,2
admit,2
section,2
ching,2
sti,2
psn,2
asian,2
jelli,2
asia,2
screw,2
chines,2
crap,2
hoppa,2
china,2
zombi,2
promo,2
worth,2
went,2
ah,2
effort,2
vip,2
gun,2
face_screaming_in_fear,2
hushed_fac,2
viral,2
dear,2
tsu,2
multipl,2
expens,2
market,2
spot,2
whatev,2
elev,2
decemb,2
america,2
worthless,2
actor,2
suffer,2
brain,2
futur,2
updat,2
user,2
problem,2
behind,2
peni,2
receiv,2
gotten,2
mabey,2
access,2
rise,2
event,2
paus,2
luck,2
fact,2
publish,2
knew,2
round,2
public,2
ice,2
run,2
bottom,2
heart,2
figur,2
wear,2
boyfriend,2
salon,2
alot,2
french,2
tip,2
confirm,2
fuego,2
k6a5xt,2
govern,2
drive,2
car,2
salt,2
goe,2
montag,2
troll,2
certain,2
virus,2
blue,2
worldwid,2
vet,2
trailer,2
kitten,2
break,2
ariv,2
mtv,2
marian,2
south,2
detail,2
id,2
land,2
kitti,2
nokia,2
phone,2
plane,2
purri,2
twin,2
merci,2
obrigado,2
stori,2
written,2
syndrom,2
communiti,2
blond,2
achiev,2
girlfriend,2
boob,2
bigger,2
natur,2
contest,2
admir,2
nonsens,2
comparison,2
octob,2
jello,2
express,2
import,2
splash,2
nut,2
garbag,2
firework,2
radio,2
acoust,2
vena,2
html,2
competit,2
feminist,2
stereotyp,2
interest,2
utter,2
shout,2
useless,2
sometim,2
tit,2
delet,2
broken,2
terribl,2
research,2
knowledg,2
cours,2
info,2
scare,2
three,2
freak,2
green,2
sex,2
ambit,2
lose,2
island,2
fit,2
total,2
quiet,2
dis,2
blog,2
memor,2
male,2
companion,2
profil,2
wait,2
brought,2
tan,2
fool,2
trash,2
full,2
color,2
encourag,2
autotun,2
relat,2
daughter,2
known,2
describ,2
light,2
teenag,2
silli,2
comprehend,2
lion,2
set,2
motiv,2
instead,2
creator,2
deep,2
hart,2
poor,2
parodi,2
decio,2
alcohol,2
except,2
adel,2
core,2
skin,2
uncl,2
butt,2
arrow_emoji,2
amend,2
nsa,2
spi,2
patriot,2
renew,2
floor,2
protest,2
filibust,2
congress,2
summer,2
exist,2
spell,2
blast,2
curs,2
metal,2
though,2
collabor,2
answer,2
decid,2
clean,2
por,2
vous,2
bang,2
hurt,2
supermariologan,2
jam,2
sky,2
christian,2
arguement,2
ps4,2
contact,2
kik,2
skype,2
cat_with_wry_smil,2
slapper,2
usual,2
comput,2
rage,2
nois,2
save,2
either,2
hyuck,2
especi,2
intellig,2
forgot,2
cent,2
line,2
gone,2
oreo,2
wind,2
hack2013,2
nobodi,2
monster,2
hay,2
andrew,2
guasch,2
astauand,2
chorenn,2
ploosnar,2
hoppler,2
sasaroo,2
axiomat,2
victori,2
luxuri,2
arrowg,2
spourmo,2
singlewav,2
trop,2
feandra,2
reilta,2
moderock,2
pepelexa,2
delight,2
ytma,2
wazzasoft,2
scale,2
oper,2
claster,2
roll,2
five,2
reflect,2
desir,2
wife,2
harbor,2
cook,2
wrote,2
commit,2
he,2
select,2
edit,2
insid,2
substanti,2
keithlinscott,2
less,2
tape,2
largest,2
discount,2
hollywood,2
build,2
celeb,2
rate,2
bewar,2
warn,2
resort,2
audio,2
journey,2
killtheclockhd,2
disguis,2
gta,2
lana,2
del,2
rey,2
drake,2
macklemor,2
pink,2
countless,2
lil,2
tvcmcadavid,2
opportun,2
freestyl,2
hairstyl,2
upcom,2
rule,2
farrel,2
expos,2
brazil,2
netherland,2
whose,2
saturday,2
postpon,2
shakifan,2
stil,2
spanish,2
risk,2
acquir,2
techniqu,2
betfair,2
quid,2
dribbleproshot,2
galaxi,2
ipad,2
unit,2
oldchat,2
daneja,2
heaven,2
leech,2
wreck,2
ouf,2
soni,2
macbook,2
discrimin,2
muslim,2
northland,2
societi,2
fiddl,2
versac,2
lame,2
johnni,2
continu,2
keyboard,2
independ,2
kobyoshi02,1
test,1
art,1
scientif,1
tutori,1
apparel,1
rave,1
festiv,1
neon,1
crop,1
tank,1
neck,1
accessori,1
instagraml,1
oncueapparel,1
auburn,1
pride,1
strategygam,1
andrijamatf,1
chiptun,1
gangnamstyl,1
kyle,1
luther,1
goodby,1
firebal,1
fruiti,1
loop,1
dafuq,1
usa,1
bomb,1
succesful,1
grate,1
bf4,1
advic,1
foto,1
codytolleson,1
warcraft,1
gta5,1
mario,1
stream,1
dizzi,1
juic,1
prod,1
citizen,1
lazi,1
prophetz,1
often,1
avoid,1
gwar,1
superbowl,1
chuck,1
norrus,1
ovbious,1
oldspic,1
spraytan,1
commerci,1
diy,1
kamal,1
tayara,1
showcas,1
luca,1
trigo,1
leader,1
rooki,1
chanicka,1
juli,1
stephani,1
notch,1
plan,1
jyp,1
bighit,1
jellyfish,1
appar,1
ling,1
ding,1
ring,1
yaa,1
ganga,1
halp,1
non,1
with,1
angri,1
recap,1
diddl,1
visuelgamingznl,1
gangam,1
ehi,1
funnytortsp,1
comentar,1
zero,1
apocalyps,1
greet,1
spoderman,1
wiew,1
republ,1
discov,1
moroccan,1
cash,1
nike,1
gamestop,1
etc,1
task,1
invit,1
signup,1
somebodi,1
uphil,1
starlitnightski,1
allot,1
unfortunat,1
cross,1
pal,1
pivot,1
__killuminati94,1
chubbz,1
dinero,1
mscalifornia95,1
confounded_fac,1
relieved_fac,1
face_savoring_food,1
squinting_face_with_tongu,1
winking_face_with_tongu,1
face_with_tongu,1
unamused_fac,1
face_with_medical_mask,1
face_without_mouth,1
face_with_cross,1
out_ey,1
flushed_fac,1
astonished_fac,1
worried_fac,1
anxious_face_with_sweat,1
fearful_fac,1
anguished_fac,1
frowning_face_with_open_mouth,1
face_with_steam_from_nos,1
persevering_fac,1
face_with_open_mouth,1
sleeping_fac,1
grimacing_fac,1
confused_fac,1
expressionless_fac,1
neutral_fac,1
winking_fac,1
smiling_face_with_horn,1
fanci,1
static,1
chack,1
giver,1
bot,1
lada,1
registr,1
yellow,1
suit,1
jae,1
suk,1
twitch,1
keyword,1
csgo,1
steam,1
peacelov,1
repass,1
launchpad,1
bother,1
eyo,1
kiddingm,1
gangman,1
excus,1
prehistor,1
headbutt,1
enimen,1
_chris_cz,1
relev,1
glass,1
koean,1
chainis,1
ana,1
equal,1
smarti,1
pant,1
point,1
stfu,1
jap,1
fish,1
untanlt,1
gook,1
obsess,1
remov,1
wank,1
ithat,1
hwang,1
minoo,1
superstar,1
stronglittlepsi,1
fake,1
hole,1
voyag,1
phenomena,1
slut,1
hyuna,1
kollektivet,1
slappin,1
credit,1
flute,1
theori,1
populatoin,1
connect,1
hacker,1
mp3s,1
eve,1
ad,1
complain,1
heck,1
millisecond,1
chick,1
dislikess,1
kidz,1
odowd,1
crowd,1
translat,1
tsū,1
platform,1
daanng,1
domin,1
officialpsi,1
fail,1
fanboy,1
spoken,1
summon,1
freddi,1
mercuri,1
ghost,1
whipe,1
direct,1
cirus,1
bucket,1
dylan,1
irl,1
hunger,1
beib,1
capit,1
tazz,1
colleg,1
vaahidmustaf,1
jenni,1
low,1
esteem,1
older,1
shi,1
confid,1
carolin,1
shop,1
walmart,1
curl,1
throw,1
burn,1
craft,1
block,1
sun,1
elimin,1
hassl,1
swing,1
visor,1
windshield,1
window,1
juyk,1
allway,1
western,1
adsens,1
morgag,1
outfit,1
lack,1
eyebrow,1
difficult,1
shotgun,1
ninja,1
defus,1
frigea,1
marius,1
gabriel,1
bing,1
reward,1
sold,1
crdit,1
duti,1
editor,1
auto,1
pilot,1
sone,1
mistreat,1
fund,1
bill,1
emphasi,1
disabl,1
otherwis,1
organ,1
glamour,1
fell,1
shika,1
score,1
erect,1
sponsor,1
maroon,1
document,1
votekatyperri,1
vma,1
venezuela,1
cubik,1
bengal,1
ima,1
php,1
airplan,1
pet,1
tiget,1
purpi,1
mai,1
nguyen,1
treu,1
detect,1
altern,1
integr,1
avail,1
ver,1
instal,1
boa,1
constrictor,1
squeez,1
dank,1
grazi,1
sabrosura,1
viva,1
growtopia,1
yay,1
bitcoin,1
empow,1
drink,1
bleach,1
hardcor,1
gorlin,1
goltz,1
grave,1
dissert,1
whore,1
guarante,1
jack,1
daniel,1
magic,1
sudden,1
practic,1
vanish,1
doubt,1
sweet,1
sheldon,1
conqueror,1
haki,1
oportun,1
loos,1
inaccur,1
rip,1
creativ,1
mobil,1
tech,1
film,1
folk,1
confus,1
telephon,1
strawberri,1
smiley,1
statist,1
measur,1
warmth,1
gold,1
stole,1
comic,1
overplay,1
folli,1
ear,1
selfi,1
alert,1
trojmiasto,1
bus,1
taxi,1
o59253,1
reinforc,1
paint,1
note,1
clear,1
cleans,1
idioci,1
humankind,1
reaction,1
rid,1
volum,1
extrem,1
nom,1
bigboss286,1
horn,1
giftcard,1
freakin,1
sheep,1
period,1
invent,1
formula,1
topic,1
enlarg,1
appli,1
result,1
therefor,1
issu,1
symbol,1
leopard,1
bikini,1
skinni,1
size,1
bisexu,1
sweat,1
nervous,1
austin,1
mahon,1
irrit,1
giant,1
aiima,1
bella,1
diagnos,1
wobbler,1
afford,1
mri,1
dog,1
bodi,1
situat,1
mighti,1
parri,1
esyest,1
belli,1
addict,1
hook,1
tattoo,1
tricep,1
rekt,1
nite,1
haterz,1
evertim,1
sponswer,1
robox,1
dem,1
horribl,1
cring,1
worhti,1
sinar,1
jahitan,1
uranus,1
belarus,1
freyacumqueen,1
mediocr,1
billi,1
jean,1
democraci,1
buzz,1
cece,1
dead2m,1
streamer,1
spotifi,1
allow,1
file,1
offlin,1
beta,1
coolest,1
sextoy,1
borderland,1
pre,1
sequel,1
poster,1
succumb,1
katyperryvevo,1
axeljonsson,1
brave,1
spray,1
hairstylist,1
cameraman,1
illeg,1
babe,1
foolish,1
arrog,1
obvious,1
garner,1
father,1
birtgday,1
tab,1
browser,1
character,1
midnight,1
lumin,1
spark,1
wisdom,1
youniqu,1
joanna,1
gordon,1
katheryn,1
tha,1
nude,1
maybi,1
hooker,1
luckymusiql,1
depth,1
dhg,1
bunch,1
nerdi,1
peach,1
strength,1
skyburst,1
cancer,1
vevo,1
applaus,1
rather,1
propa,1
explicit,1
gangsta,1
inst,1
o_o,1
an,1
asinin,1
divorc,1
stick,1
putti,1
wahoo,1
somehow,1
middl,1
explain,1
aw,1
clue,1
fairi,1
segu,1
impress,1
roar,1
dede,1
suppos,1
ballad,1
uplift,1
howev,1
chorus,1
umph,1
crescendo,1
ing,1
wavelength,1
fall,1
flat,1
posit,1
heal,1
creat,1
nowplay,1
weekendmix,1
deni,1
shmelev,1
alex,1
serov,1
tend,1
room,1
progress,1
chillstep,1
missouri,1
critiqu,1
satisfi,1
pester,1
mah,1
duh,1
lhudygirlamaya,1
kevin,1
realkevinheart,1
anywher,1
anand,1
niketan,1
intern,1
dom,1
floop,1
grade,1
teacher,1
curti,1
wet,1
seal,1
usernam,1
destinyforever_,1
custom,1
bil,1
décio,1
cabelo,1
homeless,1
invis,1
compos,1
deciocabelo,1
lile,1
modern,1
whenev,1
goosebump,1
giraff,1
elong,1
spinal,1
pigment,1
root,1
giraffebruuh,1
superr,1
mil,1
tango,1
switch,1
fairr,1
mahogani,1
earthquak,1
nepal,1
fade,1
hero,1
rockin,1
1bi,1
career,1
down,1
tension,1
mindblow,1
superbb,1
theme,1
insult,1
strong,1
doe,1
vanoss,1
everywher,1
cking,1
imag,1
thingi,1
shrek,1
robo,1
liter,1
house,1
nikki,1
minaj,1
anaconda,1
jess,1
dang,1
dat,1
gat,1
bone,1
dose,1
feet,1
golden,1
cooll,1
maylaysia,1
airlin,1
fegelein,1
due,1
duel,1
front,1
spongebob,1
goonrock,1
laura,1
jacket,1
sleev,1
sleeveless,1
arm,1
lanta,1
headphon,1
brah,1
ill,1
reunion,1
june,1
expo,1
idaho,1
garden,1
confer,1
question,1
yes,1
unlik,1
broo,1
out,1
certif,1
educ,1
field,1
rich,1
consolid,1
actress,1
profit,1
post_offic,1
melhor,1
inscreva,1
meu,1
mejor,1
meilleur,1
vidéo,1
abonn,1
chaîn,1
plaît,1
melbourn,1
ski,1
spook,1
spookinati,1
unspook,1
everydayimvap,1
thot,1
los,1
invito,1
oppon,1
dive,1
doctor,1
shell,1
club,1
religi,1
consol,1
pcmasterac,1
complaint,1
pewdiepi,1
fangirl,1
scrub,1
montageparodi,1
russia,1
kinglothedanc,1
naiv,1
respect,1
fulfil,1
drama,1
fee,1
mgtow,1
chose,1
caution,1
dispos,1
provid,1
util,1
som,1
pander26,1
sander,1
nicolaysen2,1
kashoo,1
hjalp,1
pitbul,1
virucid,1
tweet,1
therealterrell_,1
coupl,1
feelz,1
extinct,1
genocid,1
frick,1
beast,1
anywon,1
herd,1
rollin,1
woke,1
buggti,1
nuketown,1
quick,1
scope,1
faze,1
adoult,1
sang,1
solv,1
beatbox,1
um,1
gus,1
jaylan,1
jjiwajwkajajqjaubkm,1
nigger,1
pile,1
hmm,1
pie,1
tightt,1
demo,1
banger,1
peep,1
nigga,1
cereal,1
knock,1
tuto,1
paypal,1
doh,1
flixter,1
nossnev,1
nezo,1
joyc,1
badi,1
yust,1
inc,1
shuffllinn,1
loon,1
loui,1
am,1
palastin,1
wheel,1
aslamu,1
lykum,1
pakistan,1
españa,1
mexico,1
latinoamerica,1
alright,1
john,1
hotter,1
exampl,1
husband,1
sayin,1
unstopp,1
rape,1
basic,1
mirror,1
harri,1
potter,1
hallow,1
sirius,1
load,1
across,1
australia,1
dysfunct,1
ryhm,1
canibus,1
quadrillion,1
categori,1
spit,1
ryme,1
linz,1
relationship,1
jail,1
aye,1
homi,1
rhinnah,1
retard,1
afraid,1
skit,1
tear,1
medic,1
wite,1
alfr,1
hog,1
swamp,1
disord,1
sassi,1
mice,1
flame,1
cheeto,1
samurman,1
a'n,1
untitl,1
cold,1
wtp,1
apolog,1
toy,1
soldier,1
mosh,1
pleasur,1
softwar,1
sparkl,1
dakoda,1
bigelow,1
deaf,1
ginius,1
emot,1
rant,1
rapgod,1
arkglzjqup0,1
award,1
method,1
roulett,1
shadi,1
mmlp2,1
imma,1
dakota,1
flow,1
aftermath,1
tde,1
driveshaft,1
sturdi,1
johackl,1
ethosien,1
changeabl,1
noxu,1
looplab,1
delici,1
fals,1
scitenoa,1
locobot,1
heartbreak,1
thirsti,1
reminisc,1
busyglid,1
naperon,1
mere,1
undesir,1
agreeabl,1
imperfect,1
roast,1
insidi,1
modgon,1
quickest,1
trelod,1
keen,1
fresh,1
econom,1
bocilil,1
unbias,1
yoffa,1
handsom,1
mizux,1
boacon,1
sophist,1
fate,1
chubbi,1
hioffpo,1
fort,1
votr,1
waratel,1
misti,1
excit,1
swoquix,1
acaer,1
tupacas,1
ablaz,1
crabbi,1
aloidia,1
cheilith,1
wavefir,1
skizzl,1
jovaphil,1
swooflia,1
grynn,1
excel,1
slimi,1
gabbi,1
nalpur,1
lucki,1
glozzom,1
depress,1
sinpad,1
toximbl,1
bell,1
chanson,1
krean,1
magnific,1
noodil,1
unequ,1
gogopo,1
lulerain,1
oliell,1
zesti,1
laughabl,1
accident,1
wiri,1
toogit,1
uncov,1
chestur,1
woozi,1
adhoc,1
weak,1
shallow,1
accept,1
paragraph,1
ferirama,1
besloor,1
eggmod,1
plifal,1
shorogyt,1
valu,1
qerrassa,1
qiameth,1
mogotrevo,1
pared,1
yboiveth,1
drirathiel,1
sertav,1
tendenc,1
humor,1
unelind,1
oleald,1
fuffapst,1
guss,1
worst,1
tower,1
convey,1
domest,1
violenc,1
fiction,1
choos,1
sexual,1
fgw,1
drew,1
expans,1
interven,1
sneez,1
wit,1
priorit,1
flight,1
polish,1
zip,1
omnisci,1
eminmem,1
bastard,1
micheal,1
class,1
authenticview,1
spousal,1
abusu,1
similar,1
flimsi,1
slip,1
facilit,1
anxious,1
retriev,1
photograph,1
huski,1
breath,1
retain,1
system,1
fabric,1
scintil,1
walk,1
judg,1
ink,1
valuabl,1
increas,1
cudi,1
mash,1
cope,1
pick,1
pen,1
paper,1
suicid,1
sever,1
profession,1
georg,1
thou,1
mockingbird,1
rhianna,1
she,1
insperasen,1
dundundunn,1
rehabilit,1
blush,1
depreci,1
steel,1
disclos,1
macho,1
lift,1
letter,1
frame,1
thunder,1
prevent,1
conscious,1
distribut,1
normal,1
synthes,1
plant,1
mail,1
hermann,1
buchmair,1
realtionship,1
geez,1
riri,1
yuliya,1
septemb,1
fantasi,1
the1fantasi,1
illustr,1
exclus,1
mountain,1
refer,1
helpless,1
loud,1
author,1
canva,1
repair,1
uppiti,1
deriv,1
burst,1
render,1
symptomat,1
bite,1
brief,1
narrow,1
eager,1
transmit,1
crush,1
mammoth,1
shock,1
reduc,1
delic,1
meati,1
adapt,1
oil,1
smack,1
heroin,1
fruit,1
veget,1
longer,1
energi,1
weight,1
gorg,1
texa,1
pmw,1
lane,1
crown,1
catch,1
penni,1
leandrus,1
playtim,1
emi,1
nem,1
skylar,1
tyga,1
molli,1
whiz,1
khalifa,1
adult,1
basketbal,1
srilanka,1
onec,1
aswel,1
pun,1
moon,1
azerbaijan,1
ali,1
paša,1
croatia,1
belrus,1
exod,1
comeback,1
muhammad,1
shaeel,1
abba,1
short,1
weekend,1
trigger,1
meghan,1
ayi,1
chrck,1
jem,1
ini,1
charlie,1
underground,1
pussi,1
moli,1
lier,1
treat,1
bulgaria,1
hiphop,1
gameplay,1
recent,1
dna,1
aspir,1
loov,1
nelson,1
spammer,1
mmph,1
terranc,1
serv,1
duo,1
rhyme,1
pointer,1
hottest,1
trend,1
upgrad,1
higher,1
level,1
bxrosr,1
bangladesh,1
feelin,1
jdp,1
ghostpoet100,1
cruz,1
supat,1
djj,1
road,1
recoveri,1
date,1
clair,1
professor,1
berzerk,1
wwhore,1
wage,1
yahoo,1
legit,1
thru,1
vulner,1
recentley,1
surpass,1
honesti,1
wright,1
breaken,1
cazzi,1
smaller,1
mile,1
somewher,1
critis,1
supper,1
lunden,1
dong,1
nirvana,1
eminen,1
polic,1
analyst,1
whistleblow,1
toni,1
horrif,1
monstrous,1
perpetr,1
crime,1
mainstream,1
law,1
firm,1
devil,1
brutal,1
target,1
london,1
attack,1
column,1
januari,1
touch,1
mic,1
thailand,1
classic,1
wastin,1
charley,1
mcashim,1
awar,1
sean,1
kingston,1
inbox,1
fair,1
did,1
yrs,1
health,1
fullest,1
mission,1
accomplish,1
red,1
worldcup,1
guruofmovi,1
weri,1
iniesta,1
thumsb,1
axy665,1
wurkk,1
woo,1
fright,1
couch,1
felt,1
mad,1
cobi,1
usl,1
lamest,1
aid,1
chariti,1
proud,1
ricki,1
sam,1
cur,1
blank,1
mio,1
club_suit,1
gypsi,1
shakiravevo,1
toruna,1
nummber,1
patrik,1
kluivert,1
wanderfol,1
pleasant,1
cuti,1
shkira,1
terror,1
lip,1
synch,1
gusttavo,1
lima,1
você,1
não,1
conhec,1
dark,1
hors,1
ahead,1
rough,1
underr,1
meaning,1
vibe,1
instant,1
fave,1
brazilian,1
shaki,1
lisen,1
shakiria,1
aunt,1
empir,1
central,1
loyal,1
gamezzmta,1
gamezz,1
mta,1
traffick,1
petit,1
cap,1
hopm,1
brake,1
pleass,1
financi,1
bet,1
secur,1
chap,1
thus,1
cost,1
booki,1
obtain,1
consum,1
compar,1
ador,1
claim,1
lad,1
assum,1
succeed,1
signific,1
boost,1
aka,1
nick,1
demonstr,1
enorm,1
fausto,1
kpop,1
voucher,1
im2458444,1
duzafizz,1
burder,1
incandesc,1
ambiti,1
winooz,1
absorb,1
macabr,1
crestboot,1
boxium,1
ybuwyn,1
zealous,1
halloween,1
dreamer,1
ourself,1
fragil,1
swim,1
enlist,1
frequent,1
requit,1
statement,1
concili,1
acid,1
stretch,1
recogn,1
numberless,1
transport,1
trade,1
estiloproduct,1
mini,1
respond,1
enabl,1
buck,1
meat,1
discuss,1
arbitr,1
guid,1
addit,1
approv,1
insur,1
appoint,1
prepar,1
histor,1
plausibl,1
submit,1
behavior,1
grass,1
seat,1
strateg,1
edg,1
anderson,1
harder,1
whatuknow,1
foot,1
rugbi,1
euw,1
germani,1
franc,1
portug,1
spain,1
refus,1
euro,1
eva,1
salvat,1
righteous,1
present,1
perhap,1
cock,1
beneath,1
porno,1
echa,1
vistazo,1
remezcla,1
enlac,1
musicvideo,1
justien,1
ouff,1
goos,1
bump,1
recommend,1
gen,1
unlock,1
samsung,1
led,1
hdtv,1
pcs,1
air,1
nikon,1
d90,1
slr,1
ultrabook,1
vaio,1
intel,1
purchas,1
wholeheart,1
imposs,1
winner,1
tinyurl,1
slash,1
none,1
afflict,1
patriarch,1
prophet,1
apostl,1
martyr,1
confessor,1
saint,1
conceiv,1
rosari,1
mari,1
divin,1
grace,1
pure,1
chast,1
inviol,1
undefil,1
amiabl,1
counsel,1
redeem,1
affili,1
neeru105,1
advertisi,1
estonia,1
wafenc,1
apprecit,1
richest,1
adroid,1
dickwad,1
colour,1
ancestor,1
baba,1
brinkman,1
egoist,1
terrorist,1
wat,1
ami,1
evid,1
therglov,1
blogspot,1
post_10,1
kodalin,1
irish,1
avicii,1
cge,1
wan,1
gardner,1
comedi,1
recip,1
prank,1
crank,1
partyman318,1
tunez,1
forti,1
famin,1
food,1
rais,1
oma,1
anthonylam,1
intent,1
writer,1
eight,1
focus,1
send,1
justic,1
steven,1
reed,1
suprem,1
court,1
alvar,1
trayvon,1
motherland,1
larg,1
convinc,1
form,1
leisur,1
ceas,1
revel,1
murder,1
plot,1
neighbor,1
clap,1
wicked,1
street,1
pervers,1
shall,1
repay,1
lord,1
chill,1
camp,1
wiredo,1
dancer,1
